#{"t_start": 1779999231.2055209, "env_id": "LunarLanderContinuous-v3"}
r,l,t
-233.828405,103,0.031016
-550.383236,93,0.650884
-212.907193,93,1.274157
-59.885238,68,1.734316
-113.379336,75,2.234165
-147.978855,69,2.694031
-204.349495,122,3.512194
-437.886568,206,4.890534
-176.872651,222,6.376504
-338.990839,100,7.044061
-264.846496,290,8.991619
-338.825084,211,10.403574
-93.643843,245,12.057899
-358.858375,89,12.657888
-302.367703,181,13.87162
-480.612298,156,14.922051
-254.204835,246,16.566806
-350.485853,234,18.130583
-181.473861,297,20.113261
-11.11564,258,21.857173
-199.096392,510,25.271812
-38.734906,308,27.325224
-127.926166,395,29.959735
-105.876992,836,35.562539
-47.844841,296,37.540652
-85.438499,229,39.071028
-48.078048,257,40.792542
-148.237032,979,47.359983
-72.108872,313,49.441163
-323.252696,441,52.369056
-285.050061,625,56.554681
-61.194327,548,60.223089
17.315301,265,62.000649
68.849776,186,63.25082
-81.488319,1000,70.20333
-70.191949,1000,77.45439
-17.582228,264,79.267894
-17.263045,1000,85.938033
240.591946,513,89.377611
28.564436,245,91.016517
-93.511373,619,95.157006
-67.156039,378,97.683161
-32.109397,1000,104.369808
187.304721,623,108.542401
-80.617815,382,111.092492
-36.997996,440,114.032007
-56.95851,302,116.047978
212.793881,687,120.646329
13.610116,320,122.792245
-48.198103,1000,129.492271
-4.304471,146,130.466856
7.486769,88,131.053231
-33.712542,238,132.655279
-47.677965,1000,139.355375
12.534386,1000,146.051924
207.874999,724,150.89651
-60.310186,1000,157.572434
-87.942972,1000,164.352227
-58.250318,1000,171.083092
-9.60836,1000,177.807431
-116.762632,1000,184.517302
-20.131679,1000,191.241265
34.168442,1000,197.971367
145.509651,758,203.057334
42.465698,260,204.806607
-149.136206,823,210.338931
-62.57187,554,214.048119
-44.509551,1000,220.774726
253.940626,386,223.372615
-96.764091,1000,230.134137
-38.574703,1000,236.856666
-82.644848,817,242.34687
-12.061529,1000,249.064247
-149.681473,577,252.957725
-49.576785,1000,259.663262
29.034317,177,260.848623
197.485126,795,266.198139
240.886814,471,269.36567
-45.732205,1000,276.084622
-14.199009,1000,282.847569
-9.375329,1000,289.574394
230.819062,436,292.505342
115.407026,750,297.548921
-58.733627,1000,304.266448
-55.580921,352,306.632773
-84.149917,176,307.814384
-31.945962,1000,314.544269
-82.400937,1000,321.264025
-72.266482,1000,327.970917
-75.354096,1000,334.730594
30.757979,451,337.80215
-72.632974,1000,344.528229
44.709973,179,345.72983
58.049655,334,347.969154
-5.285178,191,349.250144
190.054475,477,352.465625
10.920238,1000,359.587263
-16.153346,1000,366.61124
-3.660188,1000,373.328554
-30.742315,1000,380.052506
246.089681,415,382.865921
2.758165,188,384.184369
48.049093,146,385.165926
-6.588912,1000,391.880669
20.569493,1000,398.588326
-26.837961,1000,405.322285
-37.905581,1000,412.035139
-45.874415,1000,418.762888
-11.094282,545,422.415852
-60.922559,1000,429.147502
-41.194482,1000,435.869377
-58.596894,1000,442.583767
-53.884702,1000,449.296279
-65.049559,1000,456.026626
8.865314,207,457.42092
-40.092219,217,458.880161
3.601384,1000,465.615445
-53.867634,1000,472.336374
-63.448775,218,473.800076
-7.262835,1000,480.523689
-101.735951,678,485.085552
-42.633295,223,486.58405
-30.523674,1000,493.29666
-35.102176,1000,500.027519
-10.838716,1000,506.784115
-37.031705,1000,513.528785
-12.755737,348,515.875294
-14.090789,1000,522.604105
-63.998494,1000,529.329642
-37.325951,1000,536.403389
-39.788793,1000,543.787398
-3.863785,263,545.751688
-43.947253,1000,552.932967
17.809902,230,554.663329
-27.071241,1000,561.834701
-48.131459,1000,568.647504
-45.939437,1000,575.475508
6.733511,1000,582.330787
2.546515,232,583.919945
-68.402767,1000,590.775452
-63.771513,1000,597.610619
-22.959485,228,599.18434
-37.312945,1000,606.014182
-28.244416,1000,612.880389
-27.089585,1000,619.737209
-13.984737,223,621.266127
-36.004447,1000,628.086602
-47.108525,1000,634.944783
-63.333243,206,636.356446
-78.26177,1000,643.211132
-92.447827,1000,650.077168
-23.258954,1000,656.94028
-30.824121,1000,663.788695
33.471268,135,664.713172
-20.844999,1000,671.563144
-95.458531,1000,678.413269
-78.420081,1000,685.253859
-248.99915,262,687.047174
-70.773631,1000,693.88408
-104.90315,1000,700.720848
-15.171881,1000,707.557448
-164.690876,169,708.716226
-16.392746,1000,715.545705
-52.427972,1000,722.378162
20.933984,156,723.449133
-57.68281,1000,730.281397
2.837062,207,731.700415
-27.438037,1000,738.534347
-73.623244,187,739.81426
-36.202327,1000,746.663203
-45.916203,194,747.990011
-46.334805,1000,754.843943
-47.200227,220,756.348915
272.559683,223,757.87811
-47.209884,1000,764.719606
-53.417834,1000,771.567048
-40.836584,225,773.104889
-23.104809,1000,779.955723
-4.622578,1000,786.807267
9.305984,262,788.599607
98.45005,641,792.991898
-103.614665,747,798.127571
-34.797382,1000,804.982442
-48.696575,1000,811.81198
7.582322,1000,818.675926
-29.733851,1000,825.507428
-22.364802,1000,832.358975
206.432387,475,835.611516
-11.506929,1000,842.44768
203.610067,381,845.072369
-12.593319,1000,852.484574
3.941342,1000,859.542958
-64.185091,1000,866.438902
-24.737113,1000,873.310107
-1.641039,1000,880.167457
251.799721,330,882.434607
123.271038,1000,889.348291
-0.481941,1000,896.197851
11.162452,1000,903.03881
190.097148,889,909.155026
21.484535,240,910.807413
256.080572,289,912.7855
-47.098212,1000,919.675792
299.087583,237,921.302776
243.186673,311,923.436317
288.735556,307,925.54375
185.335847,550,929.28887
219.378201,196,930.630991
237.890754,315,932.789635
197.877358,615,937.08285
208.65796,766,942.361421
263.901922,252,944.077018
197.368839,259,945.841543
-53.835718,177,947.04906
255.238503,210,948.476828
233.019316,290,950.457586
224.632168,413,953.28735
241.947723,326,955.522473
247.773574,380,958.125318
284.306593,226,959.678277
227.748977,368,962.202353
220.026959,319,964.385939
238.227937,456,967.517683
296.462227,284,969.475512
282.128153,228,971.042988
194.393432,917,977.327459
219.87861,430,980.278025
228.090824,325,982.506938
-70.729865,622,986.797325
232.602987,205,988.203649
-28.567845,1000,995.056786
8.218694,1000,1001.914488
233.19977,345,1004.313703
77.208054,102,1005.011232
253.575695,209,1006.463106
270.309938,302,1008.53566
249.87486,161,1009.642322
258.260567,196,1010.99369
241.234667,224,1012.525463
272.951098,293,1014.542302
-13.484155,1000,1021.587353
270.78299,203,1022.974373
262.61286,179,1024.189528
17.005374,1000,1031.013484
17.01538,144,1031.998596
19.25031,118,1032.800151
177.597052,880,1038.799389
-16.293993,102,1039.492516
260.349821,229,1041.051072
278.589369,174,1042.238734
253.448784,211,1043.685512
-52.238937,1000,1050.48283
7.840163,116,1051.269431
259.316466,252,1052.986129
267.267831,391,1055.641559
120.641476,844,1061.398199
-75.477715,1000,1068.26001
246.670547,188,1069.552703
167.664652,559,1073.398662
156.440956,665,1078.63821
263.999032,243,1080.653118
261.772688,204,1082.440666
244.459099,320,1084.69108
252.777932,200,1086.127505
273.808425,223,1087.714259
287.383583,186,1089.010184
255.521356,316,1091.21435
36.02836,87,1091.823993
267.313231,225,1093.390138
-135.683401,266,1095.277747
208.710581,631,1099.7492
278.679551,184,1101.038031
277.091332,457,1104.2553
251.021818,209,1105.738365
-30.777182,1000,1112.786829
-167.192471,461,1116.0434
233.259083,204,1117.490232
232.92058,188,1118.80523
261.232081,200,1120.225516
-77.794063,1000,1127.272327
259.651586,235,1128.923876
186.310031,749,1134.212918
264.986401,329,1136.528411
254.823109,207,1137.993585
275.49557,232,1139.614742
234.889326,187,1140.926523
254.26202,222,1142.500554
224.542327,541,1146.328923
-67.22917,1000,1153.885116
-13.086799,1000,1161.398831
-17.432698,1000,1168.497526
206.96268,710,1173.532465
20.484549,1000,1180.8048
247.848308,160,1181.89586
287.302269,171,1183.087377
-0.791315,199,1184.623709
281.927017,194,1186.130257
241.368495,280,1188.288776
259.546658,259,1190.330938
228.610676,356,1192.9537
208.928482,469,1196.24964
22.468937,1000,1203.374347
287.359009,199,1205.029791
-43.476035,393,1207.76458
240.328693,295,1209.832642
263.854794,293,1211.909616
251.002943,239,1213.805786
237.033103,327,1216.081982
253.814074,181,1217.33634
255.091006,313,1219.828702
231.528083,244,1221.638297
254.923167,283,1223.678485
245.023586,303,1225.90605
253.3972,214,1227.363427
245.409736,247,1229.024987
230.825336,292,1231.003147
253.820847,337,1233.378067
262.480872,283,1235.310248
267.968178,172,1236.499395
9.649221,163,1237.68131
258.84504,204,1239.137827
260.492309,287,1241.202128
270.324652,309,1243.362791
262.864225,157,1244.425929
270.815861,193,1245.730346
208.676686,807,1251.25868
260.691358,285,1253.191729
238.168114,249,1254.925812
244.410849,342,1257.225457
260.360111,318,1259.402865
221.789744,316,1261.55563
226.254352,546,1265.247226
-2.108407,1000,1272.072849
256.751378,354,1274.546075
280.211469,213,1276.015513
227.463457,421,1279.0736
293.517106,284,1281.171576
255.101935,218,1282.665937
262.142735,254,1284.410714
255.081847,233,1285.997833
275.69969,283,1287.945109
259.219945,266,1289.767879
183.068453,605,1293.928962
263.081196,293,1295.912563
248.351714,333,1298.174923
93.869075,1000,1305.126057
243.843135,277,1307.168832
204.222127,480,1310.844773
267.123345,230,1312.45406
258.113359,223,1313.996994
-101.530331,660,1318.603265
12.559877,225,1320.228709
284.678175,200,1321.684189
259.271387,222,1323.458276
8.423895,1000,1330.409198
165.832497,451,1333.530466
280.479563,218,1335.033522
55.27983,284,1336.963936
51.527949,231,1338.527725
279.099488,439,1341.521006
302.202912,294,1343.506893
196.078281,366,1346.031435
184.294112,518,1349.528269
198.971269,617,1353.699863
22.498487,374,1356.230489
280.98589,207,1357.651777
58.910711,242,1359.311402
263.098464,390,1362.112647
53.897658,220,1363.695616
304.778972,308,1366.232838
238.482821,296,1368.445026
166.923512,470,1371.894924
206.159733,280,1374.284032
232.939951,274,1376.465955
294.148072,310,1378.86136
274.036989,241,1380.873256
19.899702,234,1382.481342
211.836801,308,1385.464341
239.81431,358,1388.294753
265.582489,302,1390.543826
272.79261,287,1392.948298
256.576219,376,1401.419163
243.793828,297,1412.479532
271.712131,271,1416.269255
185.512343,505,1421.625979
191.00291,677,1427.809855
251.758443,380,1430.549885
279.778458,247,1432.310168
214.186651,705,1437.440133
194.648614,419,1440.403333
258.117463,425,1443.496086
241.746814,297,1445.566438
-60.55669,859,1451.790907
277.437909,227,1453.33188
222.775702,360,1456.0373
186.12743,501,1459.444923
232.773452,438,1462.638833
271.282435,257,1464.466113
227.463961,412,1467.56973
153.173138,492,1471.692137
-3.63497,317,1474.634153
-32.122495,587,1479.389792
269.867396,226,1481.742669
232.926372,346,1486.584954
232.087716,485,1490.637927
-68.250335,353,1493.429345
140.182682,470,1496.896648
-44.129271,416,1500.27642
234.482723,269,1502.311617
249.18114,373,1504.765428
220.295701,655,1509.105132
261.365465,215,1510.612518
296.99674,227,1512.176562
301.201535,259,1513.923037
255.548924,291,1515.925494
151.636693,644,1520.366125
279.404362,302,1522.455536
285.866422,317,1524.606196
281.577145,233,1526.196518
294.86626,259,1527.974101
227.629546,315,1530.126453
298.129663,218,1531.613866
291.811687,217,1533.13706
249.239175,224,1534.680051
272.477894,227,1536.290946
254.059189,291,1538.297701
221.733378,305,1540.368632
246.686889,243,1542.047297
-242.547807,828,1547.752553
207.094301,298,1549.966182
271.79679,246,1551.685063
260.889046,255,1553.649378
196.28758,702,1559.375475
-69.873197,375,1562.338202
-52.801541,1000,1571.484662
201.043824,581,1576.108737
165.772443,587,1580.658312
239.467301,238,1582.613119
277.180818,270,1584.774637
250.15647,288,1587.083339
8.92416,1000,1594.550136
-3.328297,1000,1601.559062
267.65785,229,1603.09667
248.689781,230,1604.652282
262.375002,275,1606.643486
227.864998,384,1609.529064
268.333415,255,1611.359713
259.174487,204,1612.85024
228.788514,397,1615.489817
123.489733,1000,1622.747509
242.613556,215,1624.234668
269.305771,255,1626.047997
-46.684997,181,1627.300302
215.816038,406,1630.086745
53.290352,1000,1637.001172
272.401949,259,1638.770402
248.495892,233,1640.357442
247.910013,218,1641.831326
287.516715,389,1644.568717
278.527155,294,1646.599937
262.122732,343,1648.969247
275.323346,230,1650.538175
265.587311,197,1651.930251
248.244944,252,1653.680433
207.876803,291,1655.654698
269.486445,309,1657.825473
256.383658,235,1659.42258
264.652381,233,1661.020557
282.80694,273,1662.874525
1.04233,1000,1669.777482
244.286316,243,1671.428314
183.53771,329,1673.670649
260.927169,231,1675.306834
267.496565,350,1677.697056
251.670345,226,1679.22836
211.324592,276,1681.101027
220.049091,229,1682.718541
275.839627,267,1684.598374
192.227861,720,1689.654243
272.810629,223,1691.165306
246.563127,470,1694.565055
269.809731,330,1697.483945
239.86043,449,1701.107355
197.753304,589,1705.364222
275.984789,501,1709.045571
247.580746,243,1710.695465
216.148731,248,1712.380364
237.196116,305,1714.445582
246.901163,217,1715.913878
272.632841,270,1717.811253
261.858422,248,1719.545169
275.399334,353,1722.111766
243.188934,264,1723.999898
275.663143,244,1725.721759
278.188862,262,1727.675592
273.180897,249,1729.540482
287.488853,309,1731.818651
153.466751,434,1734.902727
239.120321,284,1736.963606
251.51783,269,1738.801387
292.145806,319,1741.024727
269.623797,262,1742.816604
235.304493,282,1744.75661
311.06842,303,1746.835557
300.328993,283,1748.832901
280.835513,258,1750.58628
264.860616,294,1752.57668
242.227585,252,1754.281675
316.487645,223,1755.774142
249.485832,357,1758.174471
287.997842,212,1759.597613
267.602598,281,1761.522793
272.572326,235,1763.210559
241.70415,201,1764.811829
249.318804,238,1766.595358
249.487814,233,1768.341252
271.382118,304,1770.480241
227.1406,247,1772.15572
294.405987,317,1774.504081
281.583601,264,1776.295611
227.094925,455,1779.387484
212.271044,424,1782.295284
295.448559,256,1784.089515
240.560475,239,1785.733742
292.775232,248,1787.349056
281.202652,257,1789.032443
228.469126,239,1790.656929
229.154599,271,1792.62798
259.028554,291,1794.588987
278.017845,226,1796.04857
210.051809,223,1797.906797
290.989409,300,1800.110136
227.288899,397,1803.247709
273.304301,279,1805.36821
267.825834,271,1807.835487
223.386958,239,1809.50025
226.963115,314,1811.714023
279.328284,360,1814.35575
241.131795,221,1816.015899
5.709161,182,1817.34393
269.930446,280,1819.3083
257.739873,301,1821.398686
248.930967,203,1822.818039
258.406541,364,1826.240815
276.995617,254,1828.019696
242.117619,283,1829.926416
265.4849,314,1832.359472
253.62058,247,1834.140833
249.443718,315,1836.416177
269.490377,224,1838.278037
271.218606,255,1840.652201
220.72847,196,1842.681688
251.330713,244,1844.559308
269.37214,282,1846.94678
229.970946,230,1848.70886
230.815385,476,1852.348307
251.105339,279,1854.520981
226.274166,417,1857.865798
280.20647,378,1861.086196
198.698281,304,1863.81296
260.571147,237,1865.761073
266.698433,255,1867.961229
263.561264,259,1870.036858
288.943261,254,1872.073176
264.931974,280,1874.310932
233.40971,226,1876.19828
257.607691,195,1878.275527
201.509931,329,1881.121761
266.746712,307,1883.707433
235.275251,220,1885.561196
259.5438,236,1887.48641
250.834454,276,1889.78924
245.440738,277,1892.138288
260.969565,204,1893.745617
263.468674,215,1895.426164
257.03524,199,1897.054412
266.466503,448,1900.564135
257.756539,210,1902.284196
288.233672,199,1903.730072
189.939608,324,1906.197631
242.932729,337,1909.003417
182.674909,295,1911.371166
244.852704,231,1913.26224
236.856123,344,1915.956993
262.544394,357,1919.112073
250.358583,368,1922.325344
245.745303,238,1924.20254
294.067296,260,1926.442532
211.076769,274,1928.698363
257.373076,297,1930.983329
214.40685,408,1934.032802
9.511329,1000,1941.529734
249.109625,200,1943.039362
270.631381,320,1945.41
-6.696477,1000,1952.87247
266.504852,291,1955.046974
211.862324,384,1957.888311
270.55817,249,1959.76345
210.77745,351,1962.366563
302.856363,257,1964.314058
222.597307,262,1966.251728
206.86153,256,1968.148521
-830.451906,402,1971.159427
240.909134,243,1972.954547
238.40897,451,1976.344365
274.224624,298,1978.54345
231.469969,329,1981.013804
234.965775,211,1982.57237
243.370053,254,1984.460736
250.344187,347,1987.072039
296.069322,246,1988.886621
255.786641,207,1990.441098
-190.489232,912,1997.260884
271.520624,304,1999.515346
299.218436,234,2001.277581
-8.838978,330,2003.745354
270.579583,266,2005.726249
-39.470272,1000,2013.138086
153.88497,631,2017.839004
249.97242,298,2020.078765
-70.466735,757,2025.709058
277.623473,245,2027.553696
254.573751,644,2032.356172
257.53283,284,2034.448853
269.447031,222,2036.106077
311.88773,238,2037.873928
233.106126,459,2041.266131
252.184186,227,2043.11928
295.37136,219,2044.755947
279.697308,243,2046.619233
264.98115,248,2048.470164
275.638909,226,2050.143067
278.404569,241,2051.918233
228.017386,530,2055.842554
275.529234,231,2057.543454
249.209031,443,2060.829183
253.772378,199,2062.311753
283.234982,289,2064.753434
241.828106,236,2066.618046
280.694366,291,2068.882131
271.709054,224,2070.570154
274.357159,223,2072.240191
243.450998,289,2074.438504
4.437011,286,2076.709548
275.30736,209,2078.278586
224.199618,419,2081.759703
242.586965,266,2083.915254
281.971536,174,2085.300015
282.4914,247,2087.436443
257.947134,196,2089.032512
248.55481,249,2091.099726
235.788489,213,2092.788835
232.825538,378,2095.622648
297.831293,198,2097.113432
279.525534,205,2098.767621
235.698984,199,2100.473354
282.158768,197,2102.205874
239.329431,199,2103.767117
246.322529,231,2105.622822
278.464046,253,2107.524176
237.448278,520,2111.614078
282.652031,289,2113.784516
264.004529,290,2115.944958
217.991783,299,2118.221201
167.166494,522,2122.303905
246.255831,229,2124.138724
281.154861,231,2125.983294
268.428004,287,2128.891735
245.072611,197,2130.535499
259.526475,211,2132.14862
222.784011,219,2133.805105
246.635556,213,2135.613233
294.677302,256,2137.604957
313.096717,187,2138.999701
234.51922,210,2140.561817
302.186916,253,2142.387633
